epoch,time,train/box_loss,train/cls_loss,train/dfl_loss,metrics/precision(B),metrics/recall(B),metrics/mAP50(B),metrics/mAP50-95(B),val/box_loss,val/cls_loss,val/dfl_loss,lr/pg0,lr/pg1,lr/pg2
1,1182.78,0.71752,0.51653,0.87013,0.90109,0.86011,0.92527,0.75659,0.63616,0.4022,0.82835,0.00333013,0.00333013,0.00333013
2,2359.1,0.68714,0.45658,0.85785,0.90391,0.8484,0.923,0.74472,0.65785,0.40898,0.8368,0.00653153,0.00653153,0.00653153
