epoch,time,train/box_loss,train/cls_loss,train/dfl_loss,metrics/precision(B),metrics/recall(B),metrics/mAP50(B),metrics/mAP50-95(B),val/box_loss,val/cls_loss,val/dfl_loss,lr/pg0,lr/pg1,lr/pg2
1,1264.31,3.0091,3.83153,3.18442,0.27865,0.21255,0.19676,0.09488,1.87717,1.70644,1.74784,0.00333017,0.00333017,0.00333017
2,2518.1,1.42965,1.23078,1.39795,0.54196,0.41876,0.45147,0.271,1.21146,0.94252,1.22039,0.00663052,0.00663052,0.00663052
