epoch,time,train/box_loss,train/cls_loss,train/dfl_loss,metrics/precision(B),metrics/recall(B),metrics/mAP50(B),metrics/mAP50-95(B),val/box_loss,val/cls_loss,val/dfl_loss,lr/pg0,lr/pg1,lr/pg2
1,2439.18,0.88094,0.46614,0.95953,0.87178,0.74223,0.83419,0.60563,0.82263,0.44125,0.92698,0.00333173,0.00333173,0.00333173
2,4814.28,0.80838,0.42795,0.91754,0.87432,0.75045,0.84133,0.61144,0.81139,0.44148,0.92085,0.0065331,0.0065331,0.0065331
