epoch,time,train/box_loss,train/cls_loss,train/dfl_loss,metrics/precision(B),metrics/recall(B),metrics/mAP50(B),metrics/mAP50-95(B),val/box_loss,val/cls_loss,val/dfl_loss,lr/pg0,lr/pg1,lr/pg2
1,952.287,0.88228,0.47405,0.92583,0.87489,0.73172,0.82595,0.59836,0.83256,0.455,0.90155,0.00332947,0.00332947,0.00332947
2,1898.03,0.84024,0.45912,0.90057,0.84972,0.71487,0.80603,0.57203,0.86864,0.4978,0.91453,0.00653088,0.00653088,0.00653088
3,2843.17,0.91061,0.53452,0.92905,0.7908,0.64545,0.73047,0.49178,0.96991,0.607,0.96312,0.00960029,0.00960029,0.00960029
4,3789.12,0.97062,0.60139,0.9561,0.8023,0.65399,0.74344,0.50355,0.94946,0.59939,0.95208,0.009406,0.009406,0.009406
5,4734.08,0.95421,0.58663,0.95078,0.80985,0.66819,0.75539,0.51639,0.92554,0.57617,0.94598,0.009208,0.009208,0.009208
6,5758.1,0.94137,0.57442,0.94529,0.82229,0.67851,0.77183,0.53102,0.90878,0.55084,0.93591,0.00901,0.00901,0.00901
