epoch,time,train/box_loss,train/cls_loss,train/dfl_loss,metrics/precision(B),metrics/recall(B),metrics/mAP50(B),metrics/mAP50-95(B),val/box_loss,val/cls_loss,val/dfl_loss,lr/pg0,lr/pg1,lr/pg2
1,952.287,0.88228,0.47405,0.92583,0.87489,0.73172,0.82595,0.59836,0.83256,0.455,0.90155,0.00332947,0.00332947,0.00332947
2,1898.03,0.84024,0.45912,0.90057,0.84972,0.71487,0.80603,0.57203,0.86864,0.4978,0.91453,0.00653088,0.00653088,0.00653088
